Q,A
здравствуйте,здравствуйте
привет,приветствую
салют,салют и вам
цель диалога,свести к нулю риски заболеваний
сколько лет мне прибавят ваши рекомендации,20 лет в среднем
прогресс науки поможет,конечно.продлит жизнь
я умру?,все мы когда-нибудь умрем
кто вы такой,бот на нейросети
кто ваш автор, ООО аналитический центр устойчивого развития и цифровой экономики
как дела,хорошо.у вас как
потихоньку,это отлично
тоже хорошо,замечательно
отлично,я рад этому
дела не очень,что случилось
болею,чем
думаю,о чем
работаю,над чем
пью,что
гуляю,это полезно
что делаешь,отдыхаю и наслаждаюсь вселенной
чем живешь,электропитанием
добрый день,здравствуйте
добрый вечер,добрый
доброе утро,и вам доброго утра
спасибо,пожалуйста
спс,пожалуйста
не понимаю,что конкретно?
не знаю,давайте подумаем вместе
а хрен знает,мда нужно подумать
есть кто нибудь,здравствуйте
уверен?,все мои рекомендации взяты с официального сайта воз
действительно?,все мои рекомендации взяты с официального сайта воз
реально,все мои рекомендации взяты с официального сайта воз
что такое воз,всемирная организация здравоохранения
где гарантия что воз не врет,тогда кому верить?
реально я доживу до 100 лет?,гарантия это вы и ваш осозанный подход к делу
где гарантия?,все мои рекомендации взяты с официального сайта воз
базару нет,и это хорошо
как дела?,хорошо
круто!,сам удивляюсь
хорошо,ок
молодец,стараюсь для вашей пользы
класс,замечательно
спасибо за помощь,рад быть вам полезным
полезное питание,рецепт здорового питания остается прежним больше свежих фруктов овощей и меньше мяса
здоровая еда,рецепт здорового питания остается прежним больше свежих фруктов овощей и меньше мяса
что есть чтобы быть здоровым,больше свежих фруктов овощей и меньше мяса
сколько фруктов я должен съедать за день,воз рекомендует употреблять не менее 400 граммов овощей фруктов и ягод каждый день
фрукты полезны?,фрукты однозначно полезны для здоровья человека
сколько овощей я должен съедать за день?,воз рекомендует употреблять не менее 400 граммов овощей фруктов и ягод каждый день
давай выпьем,только если чистую воду
шампанское?,лучше стаканчик чистой воды
коньяк?,лучше стаканчик чистой воды
мартини?,лучше стаканчик чистой воды
алкогольный коктейль,я бы не рекомендовал
я много не пью, а что насчет других вредных привычек
каких?,курения или употребления большого количества насыщенных жиров
что такое насыщенные жиры?,кислоты употребление в большом количестве которых приводит к увеличению риска развтия сердечно-сосудистых заболеваний
понятно,отлично
можно пить алкоголь,по данным воз - это делать нежелательно
какие факторы риска,пасивный образ жизни курение и употребление вредной пищи
вино ок,по данным воз -нет
до свидания,до скорой встречи
прощай,скоро увидимся
доброй ночи,спокойной ночи
спокойной ночи,доброй ночи
до встречи,до скорой встречи
чао,пока
гудбай,бай
сколько калорий я должен потреблять ежедневно?,все зависит от массы тела человека и физической активности. рекомендую проконсультироваться с диетологом
хочу сбросить вес,нужна диета с небольшим дефицитом калорий и правильным питанием
как мне похудеть?,нужна диета с небольшим дефицитом калорий и правильным питанием
как замедлить старение,по данным воз сбалансированное питание регулярная физическая активность и отказ от табака замедляют процесс старения
долго еще работать,если вы будете помогать нам посредством активного использования данного приложения - то очень скоро
сколько времени я должен тратить на спорт,воз рекомендует взрослым в возрасте от 18 до 64 лет выполнять не менее 21 минут аэробных упражнений каждый день
как контролировать астму,посредством принятия долгосрочных лекарств для контроля основного воспаления и предотвращения симптомов и обострений
как остановить нарушение зрения,вам следует периодически посещать офтальмолога и вести здоровый образ
как диагностировать ботулизм,диагноз обычно основывается на истории болезни и клиническом обследовании с последующим лабораторным подтверждением
как снизить вероятность развития рака,употребление табака/ алкоголя/ нездоровое питание и отсутствие физической активности являются основными факторами риска развития рака во всем мире
как вылечить простуду,пейте больше жидкости и употребляте меньше жирной пищи
как снизить риск развития сердечно-сосудистых заболеваний,это одно из самых предотвратимых заболеваний. помимо консультации с кардиологом вам необходимо стараться контролировать уровень холестерина и артериальное давление
как мне улучшить свое здоровье,диета хороший ночной сон и физические упражнения
как снизить давление,сьешьте немного темного шоколада или головку чеснока
как остановить икоту,прополощите горло водой или сьешьте чайную ложку сахара
как снизить холестерин,правильно питайтесь и заниматесь спортом
как соблюдать гигиену,мойте чаще руки чтобы избежать инфекций
я дурак,со всеми подобное бывает
я ничтожество,не говорите этого
я лузер,вам следует найти способы расслабиться
я ничто,не говорите этого
курение вредно или нет,по данным воз -  очень вредно
как мне улучшить свой сон,для улучшения своего сна вам необходимо нормализовать распорядок своего дня
сколько необходимо спать,около 8 часов для взрослого человека
полезны ли углеводы,углеводы - это естественные элементы здорового и полноценного питания человек. они не только полезны но и необходимы
можно ли кушать продукты содержащие глютен,это зависит от наличия у вас целиакии
что есть нельзя?,необходимо воздерживаться от чипсов/картошки фри/бургеров/колбас/консервированных продуктов/майонеза/сладкой газировки и ненатуральных соков
сколько раз мне необходимо питаться в день,полноценно питаться стоит не меньше трех раз в день
поправлюсь ли я если буду есть перед сном,это зависит от ваших генетических особенностей однако питание перед сном в целом дает дополнительную нагрузку на организм поэтому не рекомендую
какая диета позволит мне похудеть,минимизируйте употребление вредной пищи и постарайтесь постепенно перейти на свежие овощи и фрукты
лучшая диета для здоровья,диета состоящая из свежих овощей и фруктов
сахар вреден?,сахар очень вреден
за сегодняшний день я съел 2 банана и 1 яблоко,отлично! а делали ли вы сегодня утреннюю зарядку?
ничего не ел сегодня,есть над чем работать! а делали ли вы сегодня утреннюю зарядку?
да! утреннюю зарядку я сегодня делал,замечательно! у вас есть все шансы снизить риск заболеваний до безопасного уровня
нет! не делал,для снижения рисков вам нужно будет регулярно правильно питаться и делать зарядку
какие овощи и фрукты мне нужно употреблять и сколько?,начните с употребления 2 яблок и 1 банана каждый день
какие физические упражнения мне необходимо выполнять?,в вашем случае - это отжимания от пола до 12 раз и бег до 3 км в день! включить уведомления?
да!буду работать,а я вам в этом буду помогать













 
